Image,PLS_Coeff,PLS_R2,Surprise_PLS_Coeff,Surprise_PLS_R2,Sadness_PLS_Coeff,Sadness_PLS_R2,Joy_PLS_Coeff,Joy_PLS_R2,Fear_PLS_Coeff,Fear_PLS_R2,Anger_PLS_Coeff,Anger_PLS_R2,Disgust_PLS_Coeff,Disgust_PLS_R2,Valence,Category
AA-9181.jpg,-0.023831544864929048,0.4001914051228208,-0.006814493684438623,0.47184843354963524,0.035362053664847466,0.3726379978614959,0.04690649623627718,0.4129084394782486,-0.18569883345766003,0.21713573238631445,0.0189686346495934,0.536772893329625,-0.05171312659819367,0.38984493413160615,Neg,Animal_Gory
AA-9561.jpg,0.020974277916334584,0.4052236650045525,0.07157953846187413,0.4975614981990103,0.03335924645111366,0.6007882039113286,0.06273877200020027,0.3736829484520616,0.01916724895473506,0.325549379778172,0.018609694386253824,0.43443406004061746,-0.07960883275616945,0.1993258996461248,Neg,Animal_Gory
AA-A041.jpg,0.04704566519443038,0.39726170879847755,0.04882283366343392,0.5141779072363901,0.05615357402462777,0.45177751685401224,0.10965760004607236,0.3175807667284055,-0.02568323747092778,0.30223201352276796,0.05218635020817004,0.5002490812099798,0.04113687069520592,0.2975529672393099,Neg,Animal_Gory
AA-A069.jpg,0.017355427231150706,0.4847072192979976,-0.13493964977815723,0.7187484600303904,0.10605107194537809,0.3773270462074213,-0.06673004578416886,0.3812208191651556,0.003911901665615419,0.12570587395177202,0.08528190811503823,0.7072936209031562,0.11055737722319856,0.5979474955300901,Neg,Animal_Gory
AA-A095.jpg,-0.0063555769832495754,0.47233745171153824,0.024816997697211622,0.6049046208171671,-0.09746942373074442,0.2982803928474309,-0.011593038702355977,0.4054465188224303,-0.057557250352104204,0.34541631201517464,0.003063753162106531,0.5883704255890331,0.100605500026389,0.5916064401779937,Neg,Animal_Gory
AA-Animals_056_h.jpg,0.039474508763131806,0.47112292848240117,0.01686305944193606,0.4351399561418303,0.10430396883345622,0.4351875731121372,0.0029513870306982835,0.38913693893203793,0.07936098238401558,0.4174305237671321,0.07966702372163474,0.7217547428505613,-0.04629936883295002,0.428087836090708,Neg,Animal_Gory
AC-Faces_321_h.jpg,0.06302923885178494,0.5914881824896033,0.00626908371027375,0.7166494523498433,0.07508851973424838,0.5803789103286038,0.21567865141493373,0.5236438442534425,0.03889593686824818,0.5215327008298469,0.02418802233507828,0.6208801144743161,0.018055219047927316,0.5858440727015675,Pos,Adult_Organized_Sports
AC-beauty.jpg,0.0562601159343494,0.5721208320037716,0.10339148740509334,0.5898425228265609,0.014308165226152369,0.46275645266585497,0.012137585273058915,0.5697154084695965,0.01849124727110995,0.6018993837222355,0.08189502131810512,0.4772180006830551,0.10733718911257666,0.731293223655327,Pos,Adult_Organized_Sports
AC-catch.jpg,0.05409083830163493,0.5895391256801347,0.0007037632785084582,0.7935622536984895,-0.0233793653202823,0.5645970994214926,0.2166444350546462,0.6104548120085302,0.01574293222346033,0.5145667037094106,0.09261809217699954,0.5095052865138754,0.022215172396477363,0.5445485987290106,Pos,Adult_Organized_Sports
AC-run.jpg,0.13706907542235655,0.5731641436856055,0.08174005469919443,0.6519264825286208,0.2197954719406227,0.5649325850199604,0.1783218981789931,0.6533502986311208,0.09786479460493067,0.5123996778338591,0.08751392683051801,0.5096300563828275,0.15717830627988033,0.5467457617172443,Pos,Adult_Organized_Sports
AC-trophy.jpg,0.07328904173543296,0.5632968626806542,0.06403434324675465,0.5911230299588336,0.1816954641550261,0.6345683827402397,0.09914363609510322,0.5874704616507898,0.018349903035111068,0.41873724431056447,0.039490255065096694,0.6292824319006756,0.03702064881550604,0.518599625522822,Pos,Adult_Organized_Sports
AC-volleyball.jpg,0.03938342095827965,0.5283309109558366,0.11943946879139201,0.70993210960552,0.032416324290258494,0.41295609779080555,0.07028976025240655,0.6146515271926517,-0.030713063503022643,0.4616896549720936,0.06365034387205223,0.4757686777797874,-0.018782307953408718,0.4949873983941613,Pos,Adult_Organized_Sports
AT-4574.jpg,0.010705442999206767,0.42167027090625364,0.04223649250558803,0.5497350641929541,0.026383958884461496,0.43692548263437925,0.02767036400419384,0.30980494719421836,-0.001731031971909013,0.4415808023701294,-0.031032907595277794,0.5216708562035202,0.0007057821681840745,0.2703044728423203,Pos,Adult_Headshot
AT-africanamericangirl.jpg,0.046567031095396734,0.5127734366774875,0.04857338910456758,0.6929459538229488,0.01585095743670451,0.609403677463368,0.0997718787203177,0.5453935259778626,0.048064590823108475,0.4588950474281881,0.08043742159148973,0.2993809503604734,-0.01329605110380766,0.47062146501208557,Pos,Adult_Headshot
AT-asiangirl.jpg,0.054339172668408986,0.5182890217621686,0.07436173989961095,0.6459948414730061,-0.028282887439709962,0.38028794269576804,0.19070284013349498,0.545785660146823,-0.05567581190908247,0.6901851034396188,0.03575340930541484,0.3945610088365644,0.10917574602072558,0.4529195739812316,Pos,Adult_Headshot
AT-caucasiangirl.jpg,0.06518334748389923,0.5998273542440736,0.04255984431178122,0.6001737075103457,0.043584711409701785,0.5994103945413877,0.1587342635225149,0.5277872249768565,-0.0066870859594269855,0.6807107560984021,0.08299202220066165,0.5391314201760113,0.06991632941816284,0.6517506221614386,Pos,Adult_Headshot
AT-caucasianman.jpg,0.04138527037438583,0.5250782792948142,0.06976262408447222,0.5811969898264,0.05628277842862813,0.4299685142137021,-0.005840131048189419,0.6527775771704134,0.026211599490359637,0.4785492345643544,0.019647243654723923,0.5122997236203195,0.0822475076363205,0.495677636373695,Pos,Adult_Headshot
AT-caucasianman02.jpg,0.0642049072486263,0.5977790533033164,0.01365525914598208,0.6464501718018336,0.07454257001846977,0.5434925002256907,0.09271050618777875,0.561388791012621,0.051647004942744164,0.5717070180885191,0.07526405825903718,0.6467287691155705,0.07741004493774596,0.6169070695756629,Pos,Adult_Headshot
CA-1440.jpg,-0.00039993408858110356,0.39524571176511597,-0.0697576574049965,0.36810315945754657,-0.028132948597927518,0.33482859813008625,0.04080830006862604,0.3546881393705623,-0.006047197309291676,0.6319947586784214,0.03767720932225747,0.25655005075322046,0.023052689389845556,0.42530956420085875,Pos,Animal_Cute
CA-Animals_191_h.jpg,-0.008062133054510093,0.4402694243340381,-0.021874497589661698,0.6768448368887559,-0.011380144159079463,0.24130773830872865,0.1423118874998475,0.399080972492447,-0.024574105217089418,0.4359375120801078,-0.12400496684334322,0.6099537559194808,-0.008850972017734224,0.2784917303147081,Pos,Animal_Cute
CA-chihuahua.jpg,0.047797862901054734,0.4761506612169086,0.016605921551101934,0.6907105061371406,0.0024582028086467425,0.32292159644509333,0.08667840975214343,0.48962245746745237,-0.0794035594862002,0.5878110214391931,0.18534301700521771,0.4098106874533952,0.07510518577541882,0.3560276983591768,Pos,Animal_Cute
CA-ducks.jpg,0.02353288871258027,0.485581147234502,-0.0027511986485368625,0.709541707830192,0.11179477424464213,0.39064623046739666,0.043654093117713885,0.4735952778407223,-0.000843341829899892,0.5591740560753731,0.04912764598390026,0.4577241184691231,-0.05978464059233789,0.32280549272420545,Pos,Animal_Cute
CA-lab.jpg,0.03346124993475329,0.49710760850286523,0.007552704720539274,0.8362271027728849,-0.04902916410161673,0.2321321943447604,0.12429285591431267,0.3870509859970487,0.0022168350393890245,0.5913690194616934,0.06701278119154722,0.40359583459565784,0.04872148684434821,0.5322705138451467,Pos,Animal_Cute
CA-piglet.jpg,-0.04816960570425799,0.5017362432484612,-0.048309071595018176,0.5047541994987437,-0.06991374534876266,0.4907809997438701,0.06587307253754113,0.549689803308233,0.023879233051881946,0.4471498700499533,-0.1432338120150665,0.5017084876853075,-0.11731331085612365,0.5163340992046606,Pos,Animal_Cute
CH-2070.jpg,0.006189609193812951,0.5156350340469079,0.11711815850548526,0.7849577855815283,0.09578869092011268,0.5356378874111276,0.06086157637021669,0.2667693060267917,-0.08554159565882655,0.6070001735712167,-0.056974412865097475,0.4103829796220977,-0.09411476210901291,0.489062072068685,Pos,Child_Cute
CH-7325.jpg,0.017944330687920555,0.5604644493894351,0.06826426586918698,0.6501562071350744,0.011970826801032845,0.6180410675085961,-0.021200616007505686,0.553468649086394,0.0014021880628448157,0.6196657330859345,0.08835196020330129,0.2768163139348456,-0.0411226408013369,0.6446387255857668,Pos,Child_Cute
CH-babyblocks.jpg,0.031205523840891314,0.6093093691451904,0.1017446148891672,0.7032787404799259,0.07431002895976799,0.4707083209884665,-0.06365177753222998,0.75187278968333,-0.0463427208108285,0.5426225050595445,0.07551270092047638,0.5615080432588065,0.04566029661899474,0.6258658154010688,Pos,Child_Cute
CH-babygreen.jpg,-0.05185960864939313,0.5221180829316919,-0.026424398372436656,0.6553194850271438,-0.10305848645188227,0.35062523455421135,0.06539654011806734,0.34281862975004584,-0.03618419681510142,0.6147131771899428,-0.09582312620286401,0.5652979938711507,-0.1150639841721417,0.6039339771976578,Pos,Child_Cute
CH-babynude.jpg,0.03880134046868186,0.49482861274456513,0.022604385810987997,0.5813573009948796,0.0896729133528298,0.5024939805127486,0.1266878776121738,0.5457039245185464,-0.009694595847975069,0.4214360984817239,0.07911215878634252,0.4909865999375096,-0.07557469690226785,0.4269937720219834,Pos,Child_Cute
CH-girlyoung.jpg,0.094751501816271,0.5528506201421511,0.15445420871931825,0.8385190960606985,0.11329615256699624,0.3916144010136662,0.21451012650606016,0.6971645227205503,-0.016620534909419952,0.2737412019860679,0.0947057960225684,0.5659424087399834,0.008163261992102962,0.5501220903319407,Pos,Child_Cute
CO-572046107_d1.jpg,0.026874590043145838,0.5378339130079554,0.06375746804750368,0.6314990718363602,0.1439000618074865,0.4499248114867411,-0.1412252646501861,0.5634691801784351,-0.0030497236228252487,0.5753804236855846,0.057672217696494506,0.5004992776408195,0.040192780980401646,0.5062307132197914,Neg,Dirty
CO-7359.jpg,0.002951009417827841,0.4983526528986715,0.015047578923071653,0.4772438120609168,-0.050918862580312516,0.47606213979605794,0.004770466528586253,0.40501782444748446,0.03414182775060038,0.689433405203195,0.04471328900884711,0.5360646039400068,-0.030048243123825796,0.4062941319443678,Neg,Dirty
CO-9300.jpg,0.04982292160267812,0.5741217324745612,-0.01483657545830563,0.5200933038657205,0.1552561602895547,0.6904149179451988,0.05609610556515832,0.4868425353790835,0.03592132941631484,0.6697385230769624,0.05954871646840968,0.569306675740768,0.006951793334936863,0.5083344388396346,Neg,Dirty
CO-9301.jpg,0.010045857425217582,0.4429397906749877,-0.06195222088691628,0.49124880289046924,0.12081204296114295,0.29208614564058366,-0.09116281136330553,0.2663889080469255,0.009800786617530243,0.3391492076719582,0.04861003262077952,0.6028254967512046,0.03416731460207459,0.6659401830487852,Neg,Dirty
CO-Objects_011_h.jpg,0.0436762941579189,0.5634107081919749,-0.03567354515676306,0.5117451511633633,0.05710807451473278,0.46598882186126267,0.13353723353695846,0.6464247096805718,0.026776071950179836,0.5907783904523294,0.026462770051709786,0.6706276253445478,0.053847160050695564,0.49489955064977464,Neg,Dirty
CO-polution.jpg,0.022578427144171458,0.44429094502477445,0.030513811451097942,0.37704165050233074,0.09467331698197243,0.39678120385638105,-0.08247972120145744,0.38522700812498667,0.012953101993281334,0.5027383741839735,0.05502055381792655,0.6171150261582758,0.024789499822207926,0.3868424073226986,Neg,Dirty
FA-failure.jpg,0.09501093835540204,0.47213678574735973,0.06273634636780362,0.5581406641326888,0.0363965854598437,0.5051969612411593,0.20112708025640924,0.4773546757698759,0.12883113375708904,0.4437005214479003,0.048251649895416096,0.28429128560921146,0.09272283439585048,0.5641366062833227,Neg,Adult_Failure
FA-imrs.jpg,0.03434223111852681,0.34444353542420697,0.0005143956804493686,0.4461379620235385,0.101353632938138,0.3470542487500703,0.0932115325711349,0.5559070280668044,0.011658851842288452,0.2685531618667044,0.008267508574968052,0.23358605878349936,-0.008952534895817911,0.2154227530546241,Neg,Adult_Failure
FA-market01.jpg,0.015474236018006625,0.3262269021043243,-0.03688373529126566,0.32035102212968725,0.01576613483486137,0.2792990188007256,0.08818514817445328,0.6024260017706489,-0.018033593776737078,0.2705196245230934,-0.005847522200508639,0.23970606324425892,0.04965898436723649,0.24505968215753204,Neg,Adult_Failure
FA-market02.jpg,0.035046626054657797,0.3933022625062572,0.07744122125116147,0.640476944652275,0.008885036048624619,0.41355680726462263,0.13357371976446664,0.4552427899382857,-0.031525667053350706,0.12107005870833476,0.08075503704249787,0.2889646044766,-0.05884959072545311,0.44050236999742554,Neg,Adult_Failure
FA-skater.jpg,0.006482434980231748,0.47908454731925554,0.04321722346156965,0.45720062323956345,0.029197744866994342,0.5132067565733958,0.05780979666114992,0.3492249737244819,-0.04703019675716795,0.4781818692939417,0.061633148707480774,0.42073557381019877,-0.10593310705863626,0.6559574872739522,Neg,Adult_Failure
FA-womanfailure.jpg,0.08757484313381747,0.47172835877859215,0.03490537865725297,0.4974192201251735,0.09858975134174984,0.39348380314843834,0.20209109742739478,0.6042489069676111,0.05621991171145752,0.3285609095865685,0.07830512090121675,0.45402894427454243,0.05533779876383295,0.5526283685692188,Neg,Adult_Failure
FO-bacon.jpg,0.06361559282138106,0.5301660350692804,0.15583263034555728,0.4850284360016832,0.05419433994593348,0.41991724648644824,0.15353464905394995,0.498077263370571,0.05183767312644824,0.6526424628625127,-0.044833892503612485,0.5009534952996617,0.01112815696000987,0.624377306394805,Pos,Food_Tasty
FO-brownie.jpg,0.08746465381823164,0.4074250902193705,0.030350314728134833,0.6750277942512817,0.09557170643111161,0.34293254697145337,0.2005013683124626,0.4773552412468698,0.15927983166802334,0.4355976387295334,-0.0786014909203982,0.22008284223427088,0.11768619269005572,0.2935544778828135,Pos,Food_Tasty
FO-burger.jpg,0.07110347794753702,0.5060794355361967,0.018259154422997272,0.8100703403944055,0.0121573224639229,0.44002844279205555,0.09389678116301109,0.45236935197631556,0.17031030179073647,0.5008904648104004,0.08666949274876265,0.26032588280390945,0.04532781509579175,0.5727921304400935,Pos,Food_Tasty
FO-pastry.jpg,-0.0016388173515276365,0.4722235938115043,0.09110907151862614,0.5619800648433982,-0.045553184225754245,0.29475200218484754,0.055406985404660006,0.45890437431385545,-0.02184240118013323,0.41674260942445174,0.0014849937767122978,0.49368206560756966,-0.09043836940327678,0.6072804464949025,Pos,Food_Tasty
FO-salad.jpg,0.06642290276851054,0.4803934322621874,-0.06169069502913039,0.8055710968719025,0.12733406345638296,0.32390872691483485,0.049236980627449016,0.3086651256026348,0.13733117281599724,0.5254299406826786,0.06675989851601896,0.3443098623696358,0.07956599622434543,0.5744758411314376,Pos,Food_Tasty
FO-salmon.jpg,0.0669236214942717,0.4720252524130855,0.03751691710612766,0.6586448588482496,0.043066731249732995,0.4536843511342429,0.06779618690189392,0.35421374239854064,0.1316908121381884,0.48904883275588784,0.07244686347331383,0.341956698466648,0.049024218096373376,0.5346030308749447,Pos,Food_Tasty
HC-2710.jpg,0.020310631656373392,0.4636435256034716,0.028618212093857585,0.659365793546683,-0.008550069391029487,0.4865098203946897,0.1222254383097868,0.45672564089845713,0.02061162910115431,0.4608813607471067,0.03345082900934156,0.3226481729921886,-0.07449224918487041,0.39573036504170345,Neg,Adult_Infection
HC-2717.jpg,0.016644215425577133,0.5598819376610139,-0.031192060156266906,0.5330003198822897,0.047602012744718696,0.6036016646101847,0.10944342089825489,0.6084526061590025,-0.017634553661098024,0.5333010166015852,0.06359601784665683,0.6105360042522924,-0.07194954511880264,0.4704000144607283,Neg,Adult_Infection
HC-People_198_h.jpg,-0.018306201323409366,0.4982929808823988,-0.05707730206095826,0.531225800809258,-0.039125242920364595,0.4601499035948631,-0.10255599551973135,0.42947018398115555,-0.13141772153292447,0.3681087364098149,0.02701423733035526,0.595701999287108,0.1933248167631672,0.605101261212194,Neg,Adult_Infection
HC-People_211_v.jpg,0.023214938632404907,0.4979169209643246,-0.22813521856177477,0.4976001064207285,0.11181926649905057,0.5544260495400881,0.09244974674577176,0.4565630254670555,0.11410271862074538,0.46000940337971497,0.05706516549850079,0.5384377441289303,-0.008012047007864296,0.48046519684943023,Neg,Adult_Infection
HC-People_220_h.jpg,0.05166472137959756,0.47067501348707524,-0.036160295884089415,0.5392693448451866,0.10993364491418814,0.2801286693978904,-0.002045925601762222,0.5461287975174971,0.05361646887906976,0.37224652381580026,0.06629580598327664,0.6718817618658666,0.11834862998690238,0.41439498348021064,Neg,Adult_Infection
HC-barley-grain.jpg,0.00980696328067949,0.4457645126238547,-0.00040721760140809246,0.48597992243363586,0.03781161535274366,0.5465414993004631,-0.08172116667787552,0.456297734907377,-0.015563089907098216,0.34450533691570284,0.011951968060720849,0.22745345229991454,0.10676967045699423,0.6138091298860344,Neg,Adult_Infection
HM-3015.jpg,0.018646831911572403,0.5333358767230014,-0.029996691722254904,0.5732079611983888,-0.011536643266326696,0.6087065400890228,-0.003070569084775148,0.5923920076330372,-0.0201377410270803,0.35250866187446717,0.06655974803473944,0.7054349766256389,0.110062888535132,0.3677651129174543,Neg,Adult_Mutilation
HM-3063.jpg,0.04559589219446148,0.4342622261520765,-0.12415811478305037,0.43433885424040375,0.24139122231939192,0.4468745060117433,0.13500474632904821,0.29543709193296286,0.0690015612093521,0.4339615711303323,-0.0023069474582926614,0.5693513006688169,-0.04535711444968028,0.42561003292819966,Neg,Adult_Mutilation
HM-3064.jpg,0.020665587262447577,0.3554527713979582,-0.0739040681860981,0.3667795701954306,0.02282809208271889,0.34223960351418004,-0.08624388691660753,0.33309569797816363,0.09335984860198285,0.24254321704477655,0.1002868352040954,0.47023822332303444,0.06766670278859398,0.3778203163321643,Neg,Adult_Mutilation
HM-3068.jpg,0.025762655788074757,0.5578220000789197,-0.023589019823837327,0.5782862240279991,0.1292066479938308,0.5458190743234824,-0.11997870322613442,0.4372739652295716,-0.0543035191921666,0.3739615943510597,0.03874345777954414,0.6921551106645092,0.18449707119721187,0.7194360318768966,Neg,Adult_Mutilation
HM-3150.jpg,-0.0023903079494193838,0.5432652978348033,-0.08553930811948202,0.7821887235388775,-0.04898047282611624,0.6174974641979685,0.07790850661654021,0.5604475009340852,0.024397061311464255,0.34355863252193597,0.005827235162882153,0.50789246608077,0.01204513015819532,0.44800699973518243,Neg,Adult_Mutilation
HM-Faces_364_v.jpg,0.03621106629272314,0.4930588805210683,-0.15956999252150408,0.4590471600452659,0.18599656487832125,0.5583736968923094,0.05940043426987928,0.2597338593931401,-0.03205166246719744,0.38087624104878226,0.0873490229578256,0.5908865163091448,0.07614203063901419,0.7094358094377672,Neg,Adult_Mutilation
HV-2683.jpg,0.031242584662976195,0.4763273859436761,-0.0065079798752962475,0.6103629222055063,0.07954151050681336,0.6483254916501671,-0.028345954506741267,0.5681897323804019,0.08325783921699842,0.21944615819158753,0.08107028839342117,0.5234548959812495,-0.02156019575733833,0.2881851152531436,Neg,Adult_Violence
HV-2691.jpg,-0.004236964674893119,0.41876911132687084,0.010816847656704317,0.3658197453846921,-0.02845384159576319,0.6358725286880256,0.03830666870529374,0.5126701309070405,-0.02103155365390686,0.25890115817886206,-0.015555673005658894,0.4395879370979726,-0.009504236156027844,0.29976316770463174,Neg,Adult_Violence
HV-6821.jpg,0.014955935293909449,0.4579838577239626,-0.012955012337517134,0.40931804741480005,0.126594553525801,0.2791835935738104,-0.09660324052812927,0.47987119597665884,0.03267284793533669,0.47918185688835435,0.027685509151275562,0.6100667913985196,0.012340954016689816,0.4902816610916324,Neg,Adult_Violence
HV-9252.jpg,-0.012460108220277327,0.42764235369058773,-0.1985331011007906,0.5283652756548878,-0.009359413819328831,0.4911723625299186,0.03493562441889063,0.41056471818669404,0.0672307450555646,0.19113170225356646,-0.006892354929054498,0.5456761174154535,0.03785785105305464,0.39894394610300576,Neg,Adult_Violence
HV-9635-light.jpg,0.026059184225562335,0.47348825163694325,0.009213375177530249,0.6016270547468396,0.0761482608591269,0.34047656863892095,0.009653246825672975,0.48683175483316443,-0.022324911224022678,0.22420932323988174,-0.02157258435776587,0.6977882469483747,0.1052377180728325,0.489996561414478,Neg,Adult_Violence
HV-People_127_h.jpg,-0.05469679704738514,0.37968183372163394,0.07565998417607853,0.5638225790615824,-0.21507000518510477,0.37549458598857477,0.03272050352384251,0.30363564850924696,-0.1417033400324024,0.3418685872448526,-0.049107009114533175,0.39416135174247957,-0.030680915652191568,0.29910824978306794,Neg,Adult_Violence
NC-CSriot.jpg,0.019591171421521652,0.38262973036078307,-0.005266595128994236,0.5047278417131273,0.04237342457448344,0.29129929586842596,0.06686353935981285,0.39808714545760104,-0.09149841436922761,0.33307640451401654,0.07164030707535769,0.4862370750443237,0.03343476701769782,0.28235061956720386,Neg,Nature_Pollution
NC-Michigan.jpg,-4.224150040132954e-05,0.44729110437397734,-0.04107223416189336,0.3489586564502849,0.014942435112143226,0.45964837571480066,-0.02654688084217594,0.6675041027345633,0.02794084287186129,0.49941521565175684,0.018472890597565902,0.33836947798125105,0.006009497420090913,0.36985079771120755,Neg,Nature_Pollution
NC-Objects_001_h.jpg,0.07805068458715518,0.4883049960468038,-0.03467687030044943,0.7841532106612472,0.148908766086046,0.5679273936276238,0.05885788455248841,0.3359266453000772,0.13475715030907706,0.2788335220718512,0.0679519013162648,0.6718466815702262,0.09250527555950423,0.2911425230497974,Neg,Nature_Pollution
NC-badtraffic.jpg,0.06520812430381175,0.4328725901340453,0.07838055452943274,0.3752542241284653,-0.01020877365574768,0.5129298505852848,0.15418207041227364,0.3954383494160383,0.06366317218606364,0.46797345568282833,0.038448205315667824,0.35753014597753063,0.06678351703518029,0.48810951501412425,Neg,Nature_Pollution
NC-detroit.jpg,0.08670270956274792,0.49851036315011443,0.1337152220205379,0.527477638081278,0.1137462271109872,0.46281986398723707,0.04545886215731972,0.4040128855320855,0.08650603548641896,0.4675841336641541,0.08880748373968964,0.6246993158548118,0.051982426861534176,0.5044683417811202,Neg,Nature_Pollution
NC-landfill.jpg,0.04780110243481841,0.38465906923411297,-0.04593918239747396,0.47831821901605975,0.1665246511784409,0.32394754473775045,0.10884537513521535,0.311118784897385,0.04776240891517873,0.4001881247344229,0.045625184908375124,0.34306270754677604,-0.036011823130825654,0.45131903447228405,Neg,Nature_Pollution
NC-smog.jpg,0.016278448442354227,0.4077448120956058,-0.015323753045058923,0.43490091213988025,0.09326953720767252,0.4878714081139768,0.05062916056724724,0.5753177571499848,-0.02911966444411486,0.12296378531830476,-0.014844300301959192,0.2515754796739025,0.013059710670338582,0.5738395301775852,Neg,Nature_Pollution
NI-2205.jpg,0.027235744028115575,0.42045371466343856,0.11099546942902161,0.5300961702132843,0.08857605744939485,0.4068740090954768,-0.07040669287362321,0.5010388132466114,0.0312651623613529,0.3199305629751752,-0.03035449914534501,0.394139730576597,0.0333389669478923,0.3706430018734872,Neg,Human_Despair
NI-Faces_034_h.jpg,-0.0011195386252149944,0.37257060814423487,0.035695709390929795,0.3762885664343284,-0.019581422107195438,0.44323094935753693,-0.015796136667927153,0.37223210296006715,-0.05479539694438439,0.44820840149524743,0.06022927908341445,0.4305316051319166,-0.012469264506127247,0.16493202348631286,Neg,Human_Despair
NI-Faces_036_h.jpg,-0.0040933724920167855,0.4455030381079072,-0.01123720716252294,0.40111369332452174,0.014052635048407454,0.49048689717429306,0.038410468402917744,0.5289937450267029,0.00992650340923677,0.596508317825915,-0.03259468998486746,0.3409751840321259,-0.04311794466527229,0.31494039126388473,Neg,Human_Despair
NI-Faces_172_h.jpg,0.13477745751440381,0.4398816976326502,-0.04521470172954318,0.2690786348957508,0.07573697229417652,0.37560151526817676,0.10818186749996615,0.41434514832321,0.23486109024783877,0.5528794790499119,0.18986449670686248,0.6573476453365088,0.24523502006712225,0.3700377629223428,Neg,Human_Despair
NI-People_001_h.jpg,0.009733579674571106,0.4760871440084149,0.031075916698972174,0.5492869937709145,-0.04833310487960619,0.407513040032892,0.10517016053007758,0.264318594633406,-0.027473323901091078,0.6446474364069692,0.05737812391439244,0.6017224356951849,-0.059416294315318294,0.3890343635111224,Neg,Human_Despair
NI-People_118_h.jpg,0.011505950386781597,0.4369580665260269,0.034392122418329764,0.5640959788156752,-0.04478065157572564,0.4201334593432625,0.0329443416271275,0.4196109837123939,-0.0017294810441472314,0.44001305251547107,0.057448512229181056,0.5627949152994495,-0.009239141334075832,0.2151000094699097,Neg,Human_Despair
NM-9800.jpg,0.00922413588333189,0.46820824198253397,0.08235408024143052,0.32163916171147366,-0.02095013305800953,0.6247201577029327,0.008755537329917736,0.5801436185805728,-0.06437170719026858,0.43734306935551004,0.04977525023156774,0.401250280260131,-0.0002182122546466069,0.4441531642845834,Neg,Racist_Violence
NM-9810.jpg,0.034347436157151745,0.35659077790841026,0.01463671824037452,0.3513007427726865,0.06888291262561572,0.2719549219074058,0.04954596300811997,0.2989709750726973,0.009314400748145869,0.4019164529100552,0.003308161705030408,0.35213364915455747,0.06039646061562399,0.4632679256330594,Neg,Racist_Violence
NM-H079.jpg,0.058442509505342244,0.477745319798437,0.05972229537032306,0.47805061028254703,0.18631475366306882,0.6454560136402685,-0.06050585858051417,0.24003992254160955,0.08157998006719598,0.4052304526552001,0.02554197807859519,0.4225483661753672,0.05800190843338457,0.6751465534956295,Neg,Racist_Violence
NM-flagburning01.jpg,0.014114083100264204,0.5052420199969031,-0.05927753808444903,0.5334307816215644,-0.055664112247753354,0.3017205470904729,0.05487081246885301,0.538957961372037,0.06579689929431941,0.594957077468377,8.44399466544538e-05,0.5031802024131407,0.07887399722396071,0.5592055500158264,Neg,Racist_Violence
NM-flagburning02.jpg,0.0035451739005886397,0.5187858493361529,-0.0061598991873057975,0.6048532233451089,-0.018555847446644777,0.44956212804340334,-0.09122395570376717,0.47313798645106153,0.067487159515062,0.41720259742640786,0.0159460779282378,0.5353729918601652,0.053777508297949694,0.6325861688907704,Neg,Racist_Violence
NM-nsm.jpg,0.014222405053322444,0.5024678598056839,-0.00533632378537338,0.569178970586016,0.008238932996155808,0.36262316381837356,0.02397488391954984,0.3976897596396871,0.023322398139529375,0.4532947116462607,0.04927551541161428,0.7169212248285539,-0.014140976361541258,0.5150993283152114,Neg,Racist_Violence
NN-colorado.jpg,0.042297161435937966,0.42876112635791525,0.027967431743110758,0.5683024452423294,-0.013047268250091282,0.14546036437148313,0.13838125431316875,0.5554209692165959,0.08400139622432823,0.41373948852651166,-0.007594175699253875,0.3378642398865982,0.024074330284365255,0.551779250903973,Neg,Nature_Grime
NN-contaminated_mud.jpg,0.027904144269046912,0.4178124653508881,0.06030696060629069,0.3894147451109552,0.018355227114308315,0.549386005100663,0.06979733164326482,0.44888152960504346,-0.04025877596515296,0.21516037366608554,0.06125687344697428,0.5618631074198356,-0.002032751231403622,0.3421690312027459,Neg,Nature_Grime
NN-dead_trees.jpg,0.07190543155052911,0.4494736035793518,-0.003864169611205025,0.3289303465435174,0.07129710844129938,0.5315156235792936,0.11738421213633884,0.43343227891107383,0.04016994561225117,0.37079072565583393,0.06310569863056063,0.5707270778257498,0.14333979409392963,0.4614455689606426,Neg,Nature_Grime
NN-devastation.jpg,0.03559153772759989,0.3723729475107291,-0.01433066313001259,0.47423896563209134,0.0843993703982749,0.3824443130154459,0.005286294708087639,0.23289491985191169,0.027527923601950992,0.3501325806623645,0.018210321514258956,0.2293735803012028,0.09245597927303945,0.5651533256013577,Neg,Nature_Grime
NN-downedtrees.jpg,0.01704285506369696,0.44340229262198355,0.05050401731168703,0.516069112149969,-0.022466702706729808,0.5826554567236579,0.03090543143277473,0.44885454409576386,0.011933775466130343,0.3327165982738095,0.03926096539553088,0.45457568006892024,-0.00788035651721141,0.3255423644197809,Neg,Nature_Grime
NN-fire.jpg,0.03200479211765491,0.45093802501562547,0.027442330418995194,0.376803778993442,-0.06620646798775201,0.3791186791629845,0.06299516207427157,0.6811657820673661,0.1498343201721554,0.37748258076033225,0.028630724007830625,0.4135455603801399,-0.010667315979571277,0.4775117687294882,Neg,Nature_Grime
NN-fish.jpg,0.0643944278567175,0.4112741896815038,0.004042061351055635,0.26226519121611025,0.11521435451141111,0.3297518633222819,0.1226572473255842,0.5888256317911645,0.0973056112573764,0.3773546268998269,0.027235544468248957,0.4143963610385414,0.019911748226628608,0.4950514638210981,Neg,Nature_Grime
NN-oilspill.jpg,0.006563184142452059,0.4014363439738749,-0.06604173899424982,0.5312244039620376,0.056695842876647716,0.4557041133567884,-0.008115536878091096,0.3447310118059881,-0.03009707493893778,0.38578640213643245,0.07402065466447258,0.42160913102287667,0.012916958124870691,0.2695630015591257,Neg,Nature_Grime
PC-China.jpg,0.04481037187043613,0.42631160568161336,0.009567332637462374,0.5204221987317119,0.041510772385968786,0.2843940189922092,0.0002964996612940497,0.3217056711411006,0.10529724668109257,0.46353194437330625,-0.013108155558018962,0.4064279637032322,0.1252985354148179,0.5613878371481207,Pos,Landmarks_Pretty
PC-Corcovado.jpg,-0.03992309004683228,0.40085604926439933,0.01772815470854502,0.7135197372454156,-0.10690192378943217,0.40721170187937894,0.028456572802470888,0.1729384012234142,-0.08764155769146399,0.41793883282606714,-0.0098299977685172,0.38448512528992984,-0.08134978854259628,0.3090424971221901,Pos,Landmarks_Pretty
PC-Greece.jpg,0.05261418230606278,0.45627393247014697,0.06073099562563544,0.6428923649852134,0.026740165501053785,0.3630125446719126,0.028732406408028356,0.3779152495487774,0.10705092214860208,0.44947301794690664,0.02365599893881728,0.45479552523607825,0.0687746052142398,0.44955489243199387,Pos,Landmarks_Pretty
PC-NYC.jpg,0.017200464144696427,0.4149649521770378,-0.02279355638922585,0.3937155193194998,0.008665760927462563,0.32229677045788874,0.07386513982689241,0.4499873756427546,0.015609118890689128,0.3027929381129395,0.05579487983972953,0.5034965867486811,-0.027938558227369174,0.5175005227804638,Pos,Landmarks_Pretty
PC-Paris.jpg,0.030469352469024564,0.49850698926494635,0.02227858923302961,0.6986421201093709,0.03852733390979265,0.3832051562381066,0.04793499622749913,0.37915065692308214,0.027466778044347,0.4584884018306524,-0.02068780565957582,0.4276766984335123,0.06729622305905486,0.6438789020549542,Pos,Landmarks_Pretty
PC-StLouis.jpg,0.017456225261702853,0.47026358080779573,-0.04467464878094639,0.3394132389509097,0.19669303478403427,0.42191085114033355,-0.050145088275523955,0.4671354694286831,0.04705560887004363,0.43345567512823335,-0.11282730238472888,0.4315804100918854,0.06863574735733843,0.7280858401067289,Pos,Landmarks_Pretty
PI-2550.jpg,0.057563964495764834,0.4188585653597023,0.049445738257352,0.6071646334517482,-0.025942007163868613,0.3333187216626483,0.0028824794609876516,0.4492911817644253,0.08102078457548598,0.4658204340260821,0.15031886907724837,0.3593574588034444,0.08765792276738368,0.2981989624498653,Pos,Human_Connection
PI-4645.jpg,0.0036790452934320184,0.440451808481552,0.08470019494735016,0.47291237629108795,0.034351530582732534,0.3695446114536197,0.019593102499168954,0.4224550241405073,0.005136051776056374,0.5027526573755625,-0.11583362890940775,0.456275089818184,-0.00587297913530818,0.41877109181035066,Pos,Human_Connection
PI-People_169_h.jpg,0.03957482469069654,0.48203487741211215,-0.03207252807561685,0.7381173227765015,0.03352913428069157,0.2687148371388578,0.11789255153043302,0.4933086507601826,-0.011630964541403102,0.49352747871191394,0.10589497207297784,0.5041948619104277,0.023835782877096773,0.3943461131747896,Pos,Human_Connection
PI-People_176_h.jpg,0.014934017685466747,0.6260799491922151,0.032810505662356895,0.7450515145575708,0.021632294243531695,0.6836158374042378,0.08052687687405044,0.47586656141841777,-0.04100603873972481,0.6505061749786467,0.06024206844436442,0.5929766903993747,-0.06460160037177812,0.6084629163950428,Pos,Human_Connection
PI-mountain.jpg,0.024349495121994264,0.5066446479961796,0.004180734599658755,0.5657848791054131,0.08528730405792134,0.5819826529935885,-0.0012162417033836552,0.46229492334313016,0.051439638801653025,0.4113834510373201,0.02805735787232941,0.49936303339917354,-0.021651822896213275,0.5190589480984523,Pos,Human_Connection
PI-smilingcouple.jpg,0.05428164551941578,0.5337227999294701,0.11673252909799434,0.4798841705926218,0.06277337842996222,0.5706499860804453,0.13067002014509876,0.5597131311282295,-0.05612753360654358,0.5504292827030439,0.06639923934866968,0.4178068576606946,0.005242239701313218,0.6238533714117853,Pos,Human_Connection
PM-Kenya.jpg,0.009534752739720808,0.3478283927346253,-0.02416753508181243,0.40811490670725636,-0.023919596676496086,0.5113398701876646,0.041645066951903474,0.4377964402262968,-0.006550471588665817,0.236274037325216,0.047925319481512164,0.28505194281745583,0.022275733351883546,0.20839315914386236,Pos,Helping_People
PM-People_011_h.jpg,0.04081904788192402,0.42035375416443593,-0.05344626296599938,0.4070837735250801,0.06486725663940249,0.2971936718899476,0.10856952396115169,0.6510934380311524,-0.020648695830080985,0.10384317292640421,0.09362943205660328,0.4916561272928769,0.05194303343046705,0.5712523413211537,Pos,Helping_People
PM-building.jpg,0.02903193953783868,0.5563249525804461,-0.021633879070458082,0.6084599691930369,0.10652119475962,0.6647079847230245,0.1583302037241454,0.4469082492482709,-0.01322810710425787,0.5199495282008568,-0.08016316155685746,0.5548565612261546,0.024365386474840135,0.5430674228913329,Pos,Helping_People
PM-concert.jpg,0.06200266551920814,0.5198598862476637,0.029249534635335767,0.6927147913714303,0.05307918557791679,0.5635274671334598,0.15149950397625914,0.7025507638470561,0.002427876346556704,0.32340786495872464,0.12592555291373728,0.519190792716506,0.009834339665443202,0.3177676374588059,Pos,Helping_People
PM-firefighter.jpg,0.033427046165464464,0.41287202639292286,0.02527383498924226,0.33510733620806443,-0.0083885284047391,0.3776074487377412,0.10507693384029881,0.3517015973297619,-0.012569532402524234,0.6086318988346008,0.038477831166789225,0.2334698651836623,0.05269173780371982,0.5707140120637066,Pos,Helping_People
PM-nurse.jpg,0.028441465550840164,0.4400718055361233,0.008238783102956676,0.6232087830496461,0.08936242226731941,0.4947591167845199,0.014656916797013503,0.3239973771681167,0.022085409169182533,0.3038610210827696,0.046922536685661015,0.4190392427647416,-0.010617274717092144,0.47556529236694567,Pos,Helping_People
PM-nycambulance.jpg,0.026920492707775905,0.4148297511110764,0.042714899932419274,0.42002104630678294,-0.04852815762639056,0.4133611090189748,0.09795749132631869,0.5251313976090677,0.06138825907272204,0.45975057362937644,0.038066894470296604,0.30051111333822655,-0.030076430928710682,0.3702032667640298,Pos,Helping_People
PN-P072.jpg,0.04704526293771051,0.4696033276034093,0.03972060008264387,0.7260706387385834,0.04946946746365789,0.5826323160919391,0.05808146268429045,0.23627335969854013,0.18887580698166057,0.6316729516052133,0.016591684640714473,0.3611997567945967,-0.07046744422670422,0.27977094269158376,Pos,Nature_Pretty
PN-arch.jpg,0.0501735527566253,0.4703123175248975,0.04295422440369677,0.6562813968317431,0.08593583994028321,0.4022929726726566,0.16155055302586094,0.4062979637958889,0.0665855604301414,0.35193522012178013,-0.08983875259366451,0.41529156474281137,0.03385389133343389,0.5897747869845043,Pos,Nature_Pretty
PN-auroroa.jpg,0.052907331106955786,0.5442498511095127,-0.00488368632772181,0.6525044907097634,0.059200120041275776,0.6591947981968352,0.15458804629471926,0.3595817556326365,0.04873497656663925,0.5874827468776987,0.023604105857797007,0.4661196446429967,0.036200424209025236,0.5406156705971459,Pos,Nature_Pretty
PN-canyon.jpg,0.08074887220476795,0.4932470740870798,0.14994738664555254,0.6854497895515682,0.13275869790245035,0.45062398719549424,0.07834431323485656,0.3323348609579644,0.22038528261200743,0.6488536985950351,-0.015692320844095446,0.42211066100132644,-0.08125012632216369,0.42010944722109034,Pos,Nature_Pretty
PN-field.jpg,0.005380598599532292,0.4297386144390392,-0.027913554658222803,0.7535320397789056,-0.05222385422471281,0.5268291026944123,0.061190021362997005,0.26733063198301854,-0.024238626984191332,0.33402014670015023,0.07686725317431228,0.3044010300088512,-0.0013976470729885658,0.39231873546889695,Pos,Nature_Pretty
PN-waterfall.jpg,0.02760265709209797,0.4686641330253833,0.0005710073831466975,0.47110651517360236,0.06518117444964336,0.3387225219607223,0.16290819059515618,0.4492065505704731,-0.053279018347007205,0.5602010018903973,0.009091510605225934,0.5891411688286705,-0.01885692213357717,0.40360703972843415,Pos,Nature_Pretty
SI-2154.jpg,-0.0022414374737962906,0.38796275200686375,0.044732080853611786,0.5920909739548614,0.007359253087112272,0.4095389794152652,-0.09771424007847321,0.3143154014795764,0.1251671927265392,0.40417362138414226,-0.0394307777540445,0.24794562161133815,-0.053562133677523306,0.3597119141959988,Pos,People_Social
SI-8497.jpg,0.07035046181539102,0.5398199263686886,-0.01599487740028234,0.6372951782109022,-0.003834868827617368,0.7560594966266039,0.25732878407005516,0.5905679923961411,0.0427901034999045,0.4159823125429126,0.16144977874826238,0.2991402371176167,-0.019636149197976096,0.5398743413179555,Pos,People_Social
SI-Faces_349_h.jpg,0.06966796794738186,0.5502902601421307,-0.04461181800706267,0.707260329838824,0.21348059408319814,0.607547079051052,0.056570626431538394,0.39153261592145694,0.07248805688562708,0.6089798041162842,0.02297371329137264,0.3092978065641623,0.09710663499961764,0.6771239253610046,Pos,People_Social
SI-People_174_v.jpg,0.046535477926170056,0.5569507262232727,0.06798943689400902,0.5856381097872851,0.0010801344477005942,0.7286009147451711,0.058505887234191326,0.5597440051920477,0.12628138579214918,0.5919772272684299,-0.007029809313364937,0.2639424250460143,0.032385832502335204,0.6118016753006883,Pos,People_Social
SI-children.jpg,0.023168053653096744,0.5513480944292847,0.08874761668343648,0.6635605816185153,0.0031133315900711556,0.44680394190432215,0.022867107811403223,0.5878310433572133,-0.08039272576902684,0.6043079010726147,0.08435471760029783,0.33223238293470037,0.020318274002398575,0.6733527156883428,Pos,People_Social
SI-dinner.jpg,0.056883363107394495,0.5164688968402597,0.056701076310283316,0.5520331265336444,-0.05789686450786853,0.4542130737480625,0.04066379077308468,0.30272049575801263,0.08630177137483562,0.7407103410184901,0.024855464913795568,0.3947990618458821,0.19067493978023636,0.6543372821374658,Pos,People_Social
SX-4311.jpg,0.006975636976853094,0.5353385203930818,-0.0606251789462728,0.6625866094626626,0.014398272153820788,0.46824592874007676,0.07846334752342733,0.7386493466118439,-0.03957776938509035,0.3676792390185296,0.027019720801984802,0.609756023476733,0.02217542971324881,0.3651139750486446,Pos,Sex
SX-Female_couple_022_h.jpg,0.019645181196388743,0.43928656259887644,-0.0898221709650904,0.5367463204760669,0.0698377755022528,0.4569093626696118,0.037504082747061,0.4179128893628947,0.06267394640585652,0.5193945667381952,0.023005292264760318,0.3081356231244897,0.014672161223492212,0.39662061322200093,Pos,Sex
SX-Male_024_h.jpg,0.04981672679119038,0.4113799488883348,0.07197736700960386,0.3975398461181401,0.11475838916356883,0.34611951081246883,0.017956490221259298,0.6782764457182154,0.029370041558477413,0.32096988077114164,0.030157178121193947,0.2661893621775313,0.03468089467303894,0.45918464773251155,Pos,Sex
SX-Opposite-sex_couple_005_h.jpg,-0.018904090242585363,0.43689006077390896,-0.051285232362140616,0.49766178060503385,0.00878289942820942,0.3288261641986744,-0.02118781401530317,0.4312132781354374,0.011694207789255716,0.5127069037318139,0.008071676351952706,0.337812820985684,-0.06950027864748626,0.5131194169868101,Pos,Sex
SX-Opposite-sex_couple_017_v.jpg,0.11234422121384935,0.5547802634406643,-0.019506253260184,0.5283228678978222,0.0413780574092547,0.34573311334354384,0.2930284699742829,0.6866107440382995,0.15831588874321614,0.6487737943278686,0.10922538226227306,0.5304276609904701,0.09162378215425343,0.5888134000459813,Pos,Sex
SX-Opposite-sex_couple_023_h.jpg,0.04482226011479705,0.48155602567314076,-0.053061543146877006,0.5826317684804869,0.11756058698493767,0.4726352588402992,0.18386853866139602,0.41521400770227834,-0.03583587709762241,0.4739586307590633,-0.013652996064882576,0.274137633056025,0.07005485135183073,0.6707588552006922,Pos,Sex
TH-1120.jpg,0.0368041216244039,0.4203768809090193,0.059080416118761137,0.7922021501087524,0.06952265275146766,0.38341026615461726,0.1496760368538135,0.29772938048382125,-0.03571230080157875,0.38802960389787944,-0.02149793556765132,0.25846031633430333,-0.0002441396083887924,0.40242956847474254,Neg,Fear_Startle
TH-1201.jpg,0.019907881952563784,0.39190728210914655,0.05396682638776194,0.5999595657661131,0.018090862767835284,0.4535940771721203,-0.06913711035221538,0.350611836349761,0.13351873238940676,0.25023018865582203,-0.03385176631100544,0.38034113309797213,0.01685974683359956,0.31670689161309096,Neg,Fear_Startle
TH-2811.jpg,0.07330026501919579,0.47806007762447805,0.11545219085164776,0.5598488463431661,0.055671130173156794,0.3544642152260896,0.07584250785516769,0.627444105599819,0.08942115058068656,0.3525383016340672,0.07204798117602193,0.42049482036053565,0.0313666294784941,0.5535701765831909,Neg,Fear_Startle
TH-Animals_004_v.jpg,-0.011692980414498013,0.41056598701228264,-0.013253490321458561,0.24175883570703383,0.012205214765636711,0.23952345665686858,-0.07440267102033377,0.5485081718198048,0.010721169806612453,0.6491423770551895,0.058847129731847275,0.4210871993993871,-0.06427523544929215,0.3633758814354121,Neg,Fear_Startle
TH-Animals_069_h.jpg,0.011708044331206004,0.4333275662467511,0.08048709716830306,0.7278536138533194,0.016003973928165275,0.4528566933967796,0.06700566130583968,0.4895645402306589,-0.02876135911583099,0.31264009892009637,-0.049286262887240286,0.46743673721497303,-0.015200844412000699,0.14961371386467948,Neg,Fear_Startle
TH-Faces_016_h.jpg,-0.031191574067657612,0.4437527231705302,-0.051076106763710695,0.3649062696539348,-0.06491902025623071,0.43345051919673305,-0.06030104170071799,0.6950081272824367,-0.0418889206432379,0.3981535756670469,0.05065283918303298,0.3832493571462654,-0.019617194225081354,0.38774849007676415,Neg,Fear_Startle
